<?xml version="1.0" encoding="utf-8" ?>
<dwsync>
<file name="register.php" server="C:/xampp/htdocs/nyrah/" local="130234738253279479" remote="130234738250000000" />
<file name="login.php" server="C:/xampp/htdocs/nyrah/" local="130234768441505593" remote="130234768440000000" />
<file name="confirmreg.php" server="C:/xampp/htdocs/nyrah/" local="130234830152850207" remote="130234830150000000" />
<file name="access-controlled.php" server="C:/xampp/htdocs/nyrah/" local="129705288660000000" remote="129705288660000000" />
<file name="login-home.php" server="C:/xampp/htdocs/nyrah/" local="130207819927536183" remote="130207819920000000" />
<file name="change-pwd.php" server="C:/xampp/htdocs/nyrah/" local="130234830152540201" remote="130234830150000000" />
<file name="index.html" server="C:/xampp/htdocs/nyrah/" local="129705288660000000" remote="129705288660000000" />
<file name="logout.php" server="C:/xampp/htdocs/nyrah/" local="130235048301247034" remote="130235048300000000" />
<file name="resetpwd.php" server="C:/xampp/htdocs/nyrah/" local="130234770292048717" remote="130234770290000000" />
<file name="reset-pwd-req.php" server="C:/xampp/htdocs/nyrah/" local="130234830153770223" remote="130234830150000000" />
<file name="reset-pwd-link-sent.html" server="C:/xampp/htdocs/nyrah/" local="130234988495946539" remote="130234988490000000" />
<file name="thank-you.html" server="C:/xampp/htdocs/nyrah/" local="130231808543610759" remote="130231808540000000" />
<file name="thank-you-regd.html" server="C:/xampp/htdocs/nyrah/" local="130233988987144072" remote="130233988980000000" />
<file name="changed-pwd.html" server="C:/xampp/htdocs/nyrah/" local="130231824093351562" remote="130231824090000000" />
</dwsync>